[{"address":"0x715d400f88c167884bbcc41c5fea407ed4d2f8a0","contract_type":"Token","token_name":"Axie Infinity Shard","transfers":392337,"verified":true,"contract_name":"BEP20UpgradeableProxy","compiler_version":"v0.6.4","total_supply":5919616.8,"holders":23495},{"address":"0x13e2ad94b679675392b8eee2d4acb101cd004554","contract_type":"Token","token_name":"BabyAxie","transfers":29,"verified":false,"contract_name":"","compiler_version":"","total_supply":1000000000000,"holders":4},{"address":"0xac24eecdeb73b98fdef443acd4246342fd6246bd","contract_type":"Token","token_name":"Axie Killer","transfers":1,"verified":false,"contract_name":"","compiler_version":"","total_supply":1000000000,"holders":1},{"address":"0xa2ccaab07c00ea507c7112817a82ff4415ab3570","contract_type":"Token","token_name":"BabyAxie","transfers":8,"verified":true,"contract_name":"BabyAxie","compiler_version":"v0.6.12","total_supply":1000000000000,"holders":4},{"address":"0x89b9e1025e0546757e8525b551387a5ab17542fa","contract_type":"Token","token_name":"AxieBaby","transfers":355,"verified":true,"contract_name":"AxieBaby","compiler_version":"v0.7.6","total_supply":100000000000,"holders":30},{"address":"0x8875896fe1235fec0def5a8751bf2c8e4b02f4ec","contract_type":"Token","token_name":"AxieBaby_Dividend_Tracker","transfers":133,"verified":false,"contract_name":"","compiler_version":"","total_supply":99897596965.90958,"holders":27},{"address":"0x34e641e358c784117addcc4302427e955076e6e4","contract_type":"Token","token_name":"Axie UNLIMITED","transfers":94,"verified":true,"contract_name":"COINTOKEN","compiler_version":"v0.6.12","total_supply":1000000,"holders":32},{"address":"0x49a15c6c56843093f366d6c7b720539f36f9e1e6","contract_type":"Token","token_name":"BABY AXIE","transfers":1,"verified":true,"contract_name":"BABYAXIE","compiler_version":"v0.6.2","total_supply":100000000000,"holders":1},{"address":"0xa67c646541442d181063964ffd71f82a3740ba40","contract_type":"Token","token_name":"Axie Tron","transfers":67,"verified":true,"contract_name":"AxieTron","compiler_version":"v0.6.12","total_supply":1000000000,"holders":22},{"address":"0x2dec53daf95acd3ada74429a083a0657faede8be","contract_type":"Token","token_name":"AxieCat_Dividend_Tracker","transfers":17,"verified":false,"contract_name":"","compiler_version":"","total_supply":18601309662.319405,"holders":10},{"address":"0x5295c078e54e2533b9b45ce86425f58d03f6107c","contract_type":"Token","token_name":"MiniAxie","transfers":251,"verified":true,"contract_name":"MiniAxie","compiler_version":"v0.6.12","total_supply":1000000000000000000,"holders":28},{"address":"0x80a10c063086dbc1a1b6edca49a6481171f0c969","contract_type":"Token","token_name":"axie network","transfers":14,"verified":true,"contract_name":"axie","compiler_version":"v0.4.26","total_supply":1000000000,"holders":10},{"address":"0xe50e608c1bd47a57d73714b9aa6a4187c8359aa1","contract_type":"Token","token_name":"BabyAxie","transfers":1380,"verified":false,"contract_name":"","compiler_version":"","total_supply":1000000000000,"holders":841},{"address":"0x7d87d4434903d4171f0f091e1bd6d8ddaa03a3cf","contract_type":"Token","token_name":"MaxiAxie","transfers":138,"verified":true,"contract_name":"MaxiAxie","compiler_version":"v0.7.6","total_supply":100000000000,"holders":51},{"address":"0xe8576f839e36ca01f3404e83ad8b110dfc3fc43e","contract_type":"Token","token_name":"Smooth Love Potion Axie Infinity AXS","transfers":10,"verified":false,"contract_name":"","compiler_version":"","total_supply":2000000000000,"holders":6},{"address":"0x378e2d856a07f1fdd2d6cc8036e4353fc8c8c7cb","contract_type":"DEX","token_name":"Pancake LPs","transfers":4,"verified":true,"contract_name":"PancakePair","compiler_version":"v0.5.16","total_supply":0,"holders":1},{"address":"0xf43649157397c6abdc4b154a10c50c3d59b455d4","contract_type":"DEX","token_name":"Pancake LPs","transfers":4,"verified":true,"contract_name":"PancakePair","compiler_version":"v0.5.16","total_supply":29.36835,"holders":3},{"address":"0x49fe4d36b2a41baaa3f62cb9332270dc2ecb3413","contract_type":"DEX","token_name":"Pancake LPs","transfers":6,"verified":true,"contract_name":"PancakePair","compiler_version":"v0.5.16","total_supply":0.003057,"holders":2},{"address":"0x7409d54ff5e5ee22c28d466ecec8ce53ed24626f","contract_type":"DEX","token_name":"Pancake LPs","transfers":5,"verified":true,"contract_name":"PancakePair","compiler_version":"v0.5.16","total_supply":2.447686,"holders":2},{"address":"0xeee954615ed33b4579f6e18eafe3485b00b4b2fe","contract_type":"DEX","token_name":"Pancake LPs","transfers":17,"verified":true,"contract_name":"PancakePair","compiler_version":"v0.5.16","total_supply":10.452218,"holders":3},{"address":"0xe12a8f07b41f3e4596918ae7ba503c58ee029035","contract_type":"DEX","token_name":"Pancake LPs","transfers":7,"verified":true,"contract_name":"PancakePair","compiler_version":"v0.5.16","total_supply":111067.173385,"holders":3},{"address":"0x715d400f88c167884bbcc41c5fea407ed4d2f8a0","contract_type":"Token","token_name":"Axie Infinity Shard","transfers":392337,"verified":true,"contract_name":"BEP20UpgradeableProxy","compiler_version":"v0.6.4","total_supply":5919616.8,"holders":23495},{"address":"0xbe20dc7a4073b26bb77b57260a4d4f43202b10da","verified":false,"contract_name":"","compiler_version":"","total_supply":0,"holders":0},{"address":"0x1132818dbc9066c085074fd9d506ccffb4e3a7e1","contract_type":"DEX","verified":true,"contract_name":"PancakePair","compiler_version":"v0.5.16","total_supply":0,"holders":0},{"address":"0xa415c0ee728e5e7c6e824290703bfb59390ffef0","contract_type":"DEX","verified":true,"contract_name":"PancakePair","compiler_version":"v0.5.16","total_supply":0,"holders":0},{"address":"0x5e84996b8a96c8afbd59885f5f19b19781a639f2","contract_type":"DEX","verified":true,"contract_name":"PancakePair","compiler_version":"v0.5.16","total_supply":0,"holders":0},{"address":"0x6175a6a69831722b3fe0f5c47d0126e760497e24","contract_type":"DEX","token_name":"Pancake LPs","transfers":7,"verified":true,"contract_name":"PancakePair","compiler_version":"v0.5.16","total_supply":4802.489385,"holders":3},{"address":"0x8daab8ac06b33c402ed23f5cf7f7b69e3a98d845","contract_type":"DEX","token_name":"Pancake LPs","transfers":7,"verified":true,"contract_name":"PancakePair","compiler_version":"v0.5.16","total_supply":31905.495257,"holders":3},{"address":"0x8a5915f9e27d6ad6eaebae981f2872cac50de5b8","contract_type":"DEX","verified":true,"contract_name":"PancakePair","compiler_version":"v0.5.16","total_supply":0,"holders":0},{"address":"0xe52b2f8761a9e04286c2ff150e99fcfbc1b23cf7","contract_type":"DEX","token_name":"Pancake LPs","transfers":4,"verified":true,"contract_name":"PancakePair","compiler_version":"v0.5.16","total_supply":540.206785,"holders":3}]